Feature,Importance
requested_to_total_ratio,0.4507675920845522
requested_value,0.29221653894285565
income,0.07899159076521305
age,0.04881849619600987
total_asset_value,0.040234150174687205
marital_status,0.033132295351664315
profession,0.028676257541603797
score,0.027163078943413882
